{
	"format_version": "1.8.0",
	"animations": {
		"walk": {
			"loop": true,
			"animation_length": 0.75,
			"bones": {
				"body": {
					"rotation": {
						"0.0": {
							"vector": [-2.49762, 0.10901, 2.49762]
						},
						"0.375": {
							"vector": [2.49762, 0.10901, -2.49762]
						},
						"0.75": {
							"vector": [-2.49762, 0.10901, 2.49762]
						}
					}
				},
				"right_leg_1": {
					"rotation": {
						"0.0": {
							"vector": [0, -22.5, 22.5]
						},
						"0.25": {
							"vector": [11.52421, -42.85882, -6.3368]
						},
						"0.5": {
							"vector": [0, 10, 0]
						},
						"0.75": {
							"vector": [0, -22.5, 22.5]
						}
					}
				},
				"left_leg_1": {
					"rotation": {
						"0.0": {
							"vector": [0, 22.5, -22.5]
						},
						"0.25": {
							"vector": [11.52421, 42.85882, 6.3368]
						},
						"0.5": {
							"vector": [0, -10, 0]
						},
						"0.75": {
							"vector": [0, 22.5, -22.5]
						}
					}
				},
				"right_leg_2": {
					"rotation": {
						"0.0": {
							"vector": [11.52421, -42.85882, -6.3368]
						},
						"0.25": {
							"vector": [0, 10, 0]
						},
						"0.5": {
							"vector": [0, -22.5, 22.5]
						},
						"0.75": {
							"vector": [11.52421, -42.85882, -6.3368]
						}
					}
				},
				"left_leg_2": {
					"rotation": {
						"0.0": {
							"vector": [11.52421, 42.85882, 6.3368]
						},
						"0.25": {
							"vector": [0, -10, 0]
						},
						"0.5": {
							"vector": [0, 22.5, -22.5]
						},
						"0.75": {
							"vector": [11.52421, 42.85882, 6.3368]
						}
					}
				},
				"right_leg_3": {
					"rotation": {
						"0.0": {
							"vector": [0, 10, 0]
						},
						"0.25": {
							"vector": [0, -22.5, 22.5]
						},
						"0.5": {
							"vector": [11.52421, -42.85882, -6.3368]
						},
						"0.75": {
							"vector": [0, 10, 0]
						}
					}
				},
				"left_leg_3": {
					"rotation": {
						"0.0": {
							"vector": [0, -10, 0]
						},
						"0.25": {
							"vector": [0, 22.5, -22.5]
						},
						"0.5": {
							"vector": [11.52421, 42.85882, 6.3368]
						},
						"0.75": {
							"vector": [0, -10, 0]
						}
					}
				},
				"left_claw": {
					"rotation": {
						"0.0": {
							"vector": [7.26453, 21.88832, -5.24805]
						},
						"0.375": {
							"vector": [-10, 0, 0]
						},
						"0.75": {
							"vector": [7.26453, 21.88832, -5.24805]
						}
					}
				},
				"right_claw": {
					"rotation": {
						"0.0": {
							"vector": [-10, 0, 0]
						},
						"0.375": {
							"vector": [7.26453, -21.88832, 5.24805]
						},
						"0.75": {
							"vector": [-10, 0, 0]
						}
					}
				}
			}
		},
		"idle": {
			"loop": true,
			"animation_length": 1.5,
			"bones": {
				"body": {
					"rotation": {
						"0.0": {
							"vector": [-2.5, 0, 0]
						},
						"0.75": {
							"vector": [0, 0, 0]
						},
						"1.5": {
							"vector": [-2.5, 0, 0]
						}
					}
				},
				"left_claw": {
					"rotation": {
						"0.0": {
							"vector": [-10, 0, 0]
						},
						"0.75": {
							"vector": [0, 0, 0]
						},
						"1.5": {
							"vector": [-10, 0, 0]
						}
					}
				},
				"right_claw": {
					"rotation": {
						"0.0": {
							"vector": [-10, 0, 0]
						},
						"0.75": {
							"vector": [0, 0, 0]
						},
						"1.5": {
							"vector": [-10, 0, 0]
						}
					}
				}
			}
		},
		"dance": {
			"loop": true,
			"animation_length": 0.75,
			"bones": {
				"body": {
					"rotation": {
						"0.0": {
							"vector": [-22.5, 0, 0]
						},
						"0.375": {
							"vector": [-20, 0, 0]
						},
						"0.75": {
							"vector": [-22.5, 0, 0]
						}
					},
					"position": {
						"vector": [0, 1, 0]
					}
				},
				"right_leg_1": {
					"rotation": {
						"0.0": {
							"vector": [0, 0, -15]
						},
						"0.375": {
							"vector": [0, 0, 5]
						},
						"0.75": {
							"vector": [0, 0, -15]
						}
					}
				},
				"left_leg_1": {
					"rotation": {
						"0.0": {
							"vector": [0, 0, -7.5]
						},
						"0.375": {
							"vector": [0, 0, 17.5]
						},
						"0.75": {
							"vector": [0, 0, -7.5]
						}
					}
				},
				"right_leg_2": {
					"rotation": {
						"0.0": {
							"vector": [0, 0, 22.5]
						},
						"0.375": {
							"vector": [0, 0, 0]
						},
						"0.75": {
							"vector": [0, 0, 22.5]
						}
					}
				},
				"left_leg_2": {
					"rotation": {
						"0.0": {
							"vector": [0, 0, 0]
						},
						"0.375": {
							"vector": [0, 0, -22.5]
						},
						"0.75": {
							"vector": [0, 0, 0]
						}
					}
				},
				"right_leg_3": {
					"rotation": {
						"0.0": {
							"vector": [0, 0, 15]
						},
						"0.375": {
							"vector": [0, 0, 35]
						},
						"0.75": {
							"vector": [0, 0, 15]
						}
					}
				},
				"left_leg_3": {
					"rotation": {
						"0.0": {
							"vector": [0, 0, -37.5]
						},
						"0.375": {
							"vector": [0, 0, -12.5]
						},
						"0.75": {
							"vector": [0, 0, -37.5]
						}
					}
				},
				"left_claw": {
					"rotation": {
						"0.0": {
							"vector": [22.5, -45, 0]
						},
						"0.2083": {
							"vector": [0, -22.5, 0]
						},
						"0.375": {
							"vector": [22.5, 0, 0]
						},
						"0.5833": {
							"vector": [0, -22.5, 0]
						},
						"0.75": {
							"vector": [22.5, -45, 0]
						}
					}
				},
				"right_claw": {
					"rotation": {
						"0.0": {
							"vector": [22.5, 45, 0]
						},
						"0.2083": {
							"vector": [0, 22.5, 0]
						},
						"0.375": {
							"vector": [22.5, 0, 0]
						},
						"0.5833": {
							"vector": [0, 22.5, 0]
						},
						"0.75": {
							"vector": [22.5, 45, 0]
						}
					}
				}
			}
		}
	},
	"geckolib_format_version": 2
}