{
  "format_version": "1.8.0",
  "animations": {
    "dance": {
      "loop": true,
      "animation_length": 1,
      "bones": {
        "right_arm": {
          "rotation": {
            "0.0": {
              "vector": [-61.00231, -9.89348, -23.75926]
            },
            "0.25": {
              "vector": [-67.5, 0, -45]
            },
            "0.5": {
              "vector": [-61.00231, -9.89348, -23.75926]
            },
            "0.75": {
              "vector": [-58.62021, -21.31974, -4.20004]
            },
            "1.0": {
              "vector": [-61.00231, -9.89348, -23.75926]
            }
          },
          "position": {
            "0.0": {
              "vector": [0, 0.25, 0]
            },
            "0.25": {
              "vector": [0, -0.25, 0]
            },
            "0.5": {
              "vector": [0, 0.25, 0]
            },
            "0.75": {
              "vector": [0, -0.25, 0]
            },
            "1.0": {
              "vector": [0, 0.25, 0]
            }
          }
        },
        "right_forearm": {
          "rotation": {
            "vector": [0, 67.5, 0]
          }
        },
        "right_hand": {
          "rotation": {
            "0.0": {
              "vector": [0, 0, 0]
            },
            "0.25": {
              "vector": [0, 15, 0]
            },
            "0.5": {
              "vector": [0, 0, 0]
            },
            "0.75": {
              "vector": [0, -22.5, 0]
            },
            "1.0": {
              "vector": [0, 0, 0]
            }
          }
        },
        "left_arm": {
          "rotation": {
            "0.0": {
              "vector": [-61.00231, 9.89348, 23.75926]
            },
            "0.25": {
              "vector": [-58.62021, 21.31974, 4.20004]
            },
            "0.5": {
              "vector": [-61.00231, 9.89348, 23.75926]
            },
            "0.75": {
              "vector": [-67.5, 0, 45]
            },
            "1.0": {
              "vector": [-61.00231, 9.89348, 23.75926]
            }
          },
          "position": {
            "0.0": {
              "vector": [0, 0.25, 0]
            },
            "0.25": {
              "vector": [0, -0.25, 0]
            },
            "0.5": {
              "vector": [0, 0.25, 0]
            },
            "0.75": {
              "vector": [0, -0.25, 0]
            },
            "1.0": {
              "vector": [0, 0.25, 0]
            }
          }
        },
        "left_forearm": {
          "rotation": {
            "vector": [0, -67.5, 0]
          }
        },
        "left_hand": {
          "rotation": {
            "0.0": {
              "vector": [0, 0, 0]
            },
            "0.25": {
              "vector": [0, 22.5, 0]
            },
            "0.5": {
              "vector": [0, 0, 0]
            },
            "0.75": {
              "vector": [0, -15, 0]
            },
            "1.0": {
              "vector": [0, 0, 0]
            }
          }
        },
        "body": {
          "rotation": {
            "0.0": {
              "vector": [-7.5, 0, 0]
            },
            "0.25": {
              "vector": [0, 0, 0]
            },
            "0.5": {
              "vector": [-7.5, 0, 0]
            },
            "0.75": {
              "vector": [0, 0, 0]
            },
            "1.0": {
              "vector": [-7.5, 0, 0]
            }
          }
        },
        "left_leg_2": {
          "rotation": {
            "0.0": {
              "vector": [0, 0, -2.5]
            },
            "0.25": {
              "vector": [0, 0, 0]
            },
            "0.5": {
              "vector": [0, 0, -2.5]
            },
            "0.75": {
              "vector": [0, 0, 0]
            },
            "1.0": {
              "vector": [0, 0, -2.5]
            }
          }
        },
        "left_leg_3": {
          "rotation": {
            "0.0": {
              "vector": [0, 0, -7.5]
            },
            "0.25": {
              "vector": [0, 0, 0]
            },
            "0.5": {
              "vector": [0, 0, -7.5]
            },
            "0.75": {
              "vector": [0, 0, 0]
            },
            "1.0": {
              "vector": [0, 0, -7.5]
            }
          }
        },
        "left_leg_4": {
          "rotation": {
            "0.0": {
              "vector": [0, 0, -22.5]
            },
            "0.25": {
              "vector": [0, 0, -5]
            },
            "0.5": {
              "vector": [0, 0, -22.5]
            },
            "0.75": {
              "vector": [0, 0, -5]
            },
            "1.0": {
              "vector": [0, 0, -22.5]
            }
          }
        },
        "right_leg_1": {
          "rotation": {
            "0.0": {
              "vector": [0.14128, 18.49706, -2.29695]
            },
            "0.25": {
              "vector": [0, 17.5, 0]
            },
            "0.5": {
              "vector": [0.14128, 18.49706, -2.29695]
            },
            "0.75": {
              "vector": [0, 17.5, 0]
            },
            "1.0": {
              "vector": [0.14128, 18.49706, -2.29695]
            }
          }
        },
        "left_leg_1": {
          "rotation": {
            "0.0": {
              "vector": [0.14128, -18.49706, 2.29695]
            },
            "0.25": {
              "vector": [0, -17.5, 0]
            },
            "0.5": {
              "vector": [0.14128, -18.49706, 2.29695]
            },
            "0.75": {
              "vector": [0, -17.5, 0]
            },
            "1.0": {
              "vector": [0.14128, -18.49706, 2.29695]
            }
          }
        },
        "right_leg_2": {
          "rotation": {
            "0.0": {
              "vector": [0, 0, 2.5]
            },
            "0.25": {
              "vector": [0, 0, 0]
            },
            "0.5": {
              "vector": [0, 0, 2.5]
            },
            "0.75": {
              "vector": [0, 0, 0]
            },
            "1.0": {
              "vector": [0, 0, 2.5]
            }
          }
        },
        "right_leg_3": {
          "rotation": {
            "0.0": {
              "vector": [0, 0, 7.5]
            },
            "0.25": {
              "vector": [0, 0, 0]
            },
            "0.5": {
              "vector": [0, 0, 7.5]
            },
            "0.75": {
              "vector": [0, 0, 0]
            },
            "1.0": {
              "vector": [0, 0, 7.5]
            }
          }
        },
        "right_leg_4": {
          "rotation": {
            "0.0": {
              "vector": [0, 0, 22.5]
            },
            "0.25": {
              "vector": [0, 0, 5]
            },
            "0.5": {
              "vector": [0, 0, 22.5]
            },
            "0.75": {
              "vector": [0, 0, 5]
            },
            "1.0": {
              "vector": [0, 0, 22.5]
            }
          }
        }
      }
    },
    "walk": {
      "loop": true,
      "animation_length": 0.5,
      "bones": {
        "left_leg_2": {
          "rotation": {
            "0.0": {
              "vector": [0, 0, 0]
            },
            "0.25": {
              "vector": [0, 0, -22.5]
            },
            "0.5": {
              "vector": [0, 0, 0]
            }
          }
        },
        "left_leg_3": {
          "rotation": {
            "0.0": {
              "vector": [0, 0, -22.5]
            },
            "0.25": {
              "vector": [0, 0, 0]
            },
            "0.5": {
              "vector": [0, 0, -22.5]
            }
          }
        },
        "left_leg_4": {
          "rotation": {
            "0.0": {
              "vector": [0, 0, 0]
            },
            "0.25": {
              "vector": [0, 0, -22.5]
            },
            "0.5": {
              "vector": [0, 0, 0]
            }
          }
        },