{
	"format_version": "1.8.0",
	"animations": {
		"walk": {
			"loop": true,
			"animation_length": 0.75,
			"bones": {
				"body": {
					"rotation": {
						"0.0": {
							"vector": [2.5, 0, 0]
						},
						"0.375": {
							"vector": [0, 0, 0]
						},
						"0.75": {
							"vector": [2.5, 0, 0]
						}
					}
				},
				"right_leg_1": {
					"rotation": {
						"0.0": {
							"vector": [0, -22.5, 22.5]
						},
						"0.25": {
							"vector": [11.52421, -42.85882, -6.3368]
						},
						"0.5": {
							"vector": [0, 10, 0]
						},
						"0.75": {
							"vector": [0, -22.5, 22.5]
						}
					}
				},
				"left_leg_1": {
					"rotation": {
						"0.0": {
							"vector": [0, 22.5, -22.5]
						},
						"0.25": {
							"vector": [11.52421, 42.85882, 6.3368]
						},
						"0.5": {
							"vector": [0, -10, 0]
						},
						"0.75": {
							"vector": [0, 22.5, -22.5]
						}
					}
				},
				"right_leg_2": {
					"rotation": {
						"0.0": {
							"vector": [11.52421, -42.85882, -6.3368]
						},
						"0.25": {
							"vector": [0, 10, 0]
						},
						"0.5": {
							"vector": [0, -22.5, 22.5]
						},
						"0.75": {
							"vector": [11.52421, -42.85882, -6.3368]
						}
					}
				},
				"left_leg_2": {
					"rotation": {
						"0.0": {
							"vector": [11.52421, 42.85882, 6.3368]
						},
						"0.25": {
							"vector": [0, -10, 0]
						},
						"0.5": {
							"vector": [0, 22.5, -22.5]
						},
						"0.75": {
							"vector": [11.52421, 42.85882, 6.3368]
						}
					}
				},
				"right_leg_3": {
					"rotation": {
						"0.0": {
							"vector": [0, 10, 0]
						},
						"0.25": {
							"vector": [0, -22.5, 22.5]
						},
						"0.5": {
							"vector": [11.52421, -42.85882, -6.3368]
						},
						"0.75": {
							"vector": [0, 10, 0]
						}
					}
				},
				"left_leg_3": {
					"rotation": {
						"0.0": {
							"vector": [0, -10, 0]
						},
						"0.25": {
							"vector": [0, 22.5, -22.5]
						},
						"0.5": {
							"vector": [11.52421, 42.85882, 6.3368]
						},
						"0.75": {
							"vector": [0, -10, 0]
						}
					}
				},
				"shell": {
					"rotation": {
						"0.0": {
							"vector": [-2.5, 0, 0]
						},
						"0.375": {
							"vector": [0, 0, 0]
						},
						"0.75": {
							"vector": [-2.5, 0, 0]
						}
					}
				}
			}
		},
		"idle": {
			"loop": true,
			"animation_length": 1.5,
			"bones": {
				"left_claw": {
					"rotation": {
						"0.0": {
							"vector": [-2.5, 0, 0]
						},
						"0.75": {
							"vector": [0, 0, 0]
						},
						"1.5": {
							"vector": [-2.5, 0, 0]
						}
					}
				},
				"right_claw": {
					"rotation": {
						"0.0": {
							"vector": [-2.5, 0, 0]
						},
						"0.75": {
							"vector": [0, 0, 0]
						},
						"1.5": {
							"vector": [-2.5, 0, 0]
						}
					}
				},
				"shell": {
					"rotation": {
						"0.0": {
							"vector": [0, 0, 0]
						},
						"0.75": {
							"vector": [-2.5, 0, 0]
						},
						"1.5": {
							"vector": [0, 0, 0]
						}
					}
				}
			}
		},
		"hide": {
			"loop": "hold_on_last_frame",
			"animation_length": 0.5,
			"bones": {
				"shell": {
					"rotation": {
						"vector": [-45, 0, 0]
					},
					"position": {
						"vector": [0, 0.75, 0]
					}
				},
				"left_leg_1": {
					"rotation": {
						"vector": [0, 0, 90]
					}
				},
				"right_leg_1": {
					"rotation": {
						"vector": [0, 0, -90]
					}
				},
				"left_leg_2": {
					"rotation": {
						"vector": [0, 0, 90]
					}
				},
				"right_leg_2": {
					"rotation": {
						"vector": [0, 0, -90]
					}
				},
				"left_leg_3": {
					"rotation": {
						"vector": [0, 0, 90]
					}
				},
				"right_leg_3": {
					"rotation": {
						"vector": [0, 0, -90]
					}
				},
				"body": {
					"rotation": {
						"vector": [-90, 0, 0]
					},
					"position": {
						"vector": [0, 0, 3]
					},
					"scale": {
						"vector": [0, 0, 0]
					}
				},
				"hermit_crab": {
					"position": {
						"vector": [0, 0, 0]
					}
				}
			}
		}
	},
	"geckolib_format_version": 2
}