{
  "format_version": "1.8.0",
  "animations": {
    "swim": {
      "loop": true,
      "animation_length": 2,
      "bones": {
        "body": {
          "rotation": {
            "0.0": [0, -5, 0],
            "1.0": [0, 5, 0],
            "2.0": [0, -5, 0]
          }
        },
        "dorsal_fin": {
          "rotation": {
            "0.0": [0, 0, -5],
            "1.0": [0, 0, 5],
            "2.0": [0, 0, -5]
          }
        },
        "right_pelvic_fin": {
          "rotation": {
            "0.0": [0, 0, 0],
            "1.0": [2.5, 0, -5],
            "2.0": [0, 0, 0]
          }
        },
        "tail": {
          "rotation": {
            "0.0": [0, 22.5, 0],
            "1.0": [0, -22.5, 0],
            "2.0": [0, 22.5, 0]
          }
        },
        "tail_fin": {
          "rotation": {
            "0.0": [0, 10, 0],
            "0.5": [0, 20, 0],
            "1.0": [0, -10, 0],
            "1.5": [0, -20, 0],
            "2.0": [0, 10, 0]
          }
        },
        "right_fin": {
          "rotation": {
            "0.0": [0, 0, 0],
            "1.0": [12.53288, 6.07381, 11.20442],
            "2.0": [0, 0, 0]
          }
        },
        "left_pelvic_fin": {
          "rotation": {
            "0.0": [2.5, 0, 5],
            "1.0": [0, 0, 0],
            "2.0": [2.5, 0, 5]
          }
        },
        "left_fin": {
          "rotation": {
            "0.0": [12.53288, -6.07381, -11.20442],
            "1.0": [0, 0, 0],
            "2.0": [12.53288, -6.07381, -11.20442]
          }
        }
      }
    },
    "flop": {
      "loop": true,
      "animation_length": 0.625,
      "bones": {
        "body": {
          "rotation": {
            "0.0": [0, 0, -90],
            "0.1667": [0, 22.5, -90],
            "0.3333": [0, -22.5, -90],
            "0.5": [0, 0, -90]
          },
          "position": {
            "0.0": [0, -6.25, 0],
            "0.1667": [0, -0.25, 0],
            "0.5": [0, -6.25, 0]
          }
        },
        "tail": {
          "rotation": {
            "0.0": [0, -22.5, 0],
            "0.1667": [0, 0, 0],
            "0.3333": [0, 22.5, 0],
            "0.5": [0, -22.5, 0]
          }
        }
      }
    }
  },
  "geckolib_format_version": 2
}