{
	"format_version": "1.8.0",
	"animations": {
		"walk": {
			"loop": true,
			"animation_length": 1,
			"bones": {
				"body_1": {
					"rotation": {
						"0.0": {
							"vector": [-2.5, 0, 0]
						},
						"0.5": {
							"vector": [2.5, 0, 0]
						},
						"1.0": {
							"vector": [-2.5, 0, 0]
						}
					}
				},
				"left_antenna": {
					"rotation": {
						"0.0": {
							"vector": [-22.5, 0, 0]
						},
						"0.5": {
							"vector": [0, 0, 0]
						},
						"1.0": {
							"vector": [-22.5, 0, 0]
						}
					}
				},
				"right_antenna": {
					"rotation": {
						"0.0": {
							"vector": [0, 0, 0]
						},
						"0.5": {
							"vector": [-22.5, 0, 0]
						},
						"1.0": {
							"vector": [0, 0, 0]
						}
					}
				},
				"body_2": {
					"rotation": {
						"0.0": {
							"vector": [10, 0, 0]
						},
						"0.5": {
							"vector": [0, 0, 0]
						},
						"1.0": {
							"vector": [10, 0, 0]
						}
					}
				},
				"left_leg_1": {
					"rotation": {
						"0.0": {
							"vector": [11.92071, 6.76518, -23.90872]
						},
						"0.25": {
							"vector": [22.5, 0, 0]
						},
						"0.5": {
							"vector": [-1.78734, -20.95783, -8.42413]
						},
						"0.75": {
							"vector": [-2.24127, -21.759, -30.91457]
						},
						"1.0": {
							"vector": [11.92071, 6.76518, -23.90872]
						}
					}
				},
				"right_leg_1": {
					"rotation": {
						"0.0": {
							"vector": [11.92071, -6.76518, 23.90872]
						},
						"0.25": {
							"vector": [22.5, 0, 0]
						},
						"0.5": {
							"vector": [-1.78734, 20.95783, 8.42413]
						},
						"0.75": {
							"vector": [-2.24127, 21.759, 30.91457]
						},
						"1.0": {
							"vector": [11.92071, -6.76518, 23.90872]
						}
					}
				},
				"left_leg_2": {
					"rotation": {
						"0.0": {
							"vector": [4.57497, -29.55323, -11.7708]
						},
						"0.25": {
							"vector": [0, 0, -22.5]
						},
						"0.5": {
							"vector": [22.5, 0, -22.5]
						},
						"0.75": {
							"vector": [26.27425, -9.3955, -1.69114]
						},
						"1.0": {
							"vector": [4.57497, -29.55323, -11.7708]
						}
					}
				},
				"right_leg_2": {
					"rotation": {
						"0.0": {
							"vector": [4.57497, 29.55323, 11.7708]
						},
						"0.25": {
							"vector": [0, 0, 22.5]
						},
						"0.5": {
							"vector": [22.5, 0, 22.5]
						},
						"0.75": {
							"vector": [26.27425, 9.3955, 1.69114]
						},
						"1.0": {
							"vector": [4.57497, 29.55323, 11.7708]
						}
					}
				},
				"left_leg_3": {
					"rotation": {
						"0.0": {
							"vector": [11.92071, 6.76518, -23.90872]
						},
						"0.25": {
							"vector": [22.5, 0, 0]
						},
						"0.5": {
							"vector": [-1.78734, -20.95783, -8.42413]
						},
						"0.75": {
							"vector": [-2.24127, -21.759, -30.91457]
						},
						"1.0": {
							"vector": [11.92071, 6.76518, -23.90872]
						}
					}
				},
				"right_leg_3": {
					"rotation": {
						"0.0": {
							"vector": [11.92071, -6.76518, 23.90872]
						},
						"0.25": {
							"vector": [22.5, 0, 0]
						},
						"0.5": {
							"vector": [-1.78734, 20.95783, 8.42413]
						},
						"0.75": {
							"vector": [-2.24127, 21.759, 30.91457]
						},
						"1.0": {
							"vector": [11.92071, -6.76518, 23.90872]
						}
					}
				},
				"left_leg_4": {
					"rotation": {
						"0.0": {
							"vector": [4.57497, -29.55323, -11.7708]
						},
						"0.25": {
							"vector": [0, 0, -22.5]
						},
						"0.5": {
							"vector": [22.5, 0, -22.5]
						},
						"0.75": {
							"vector": [26.27425, -9.3955, -1.69114]
						},
						"1.0": {
							"vector": [4.57497, -29.55323, -11.7708]
						}
					}
				},
				"right_leg_4": {
					"rotation": {
						"0.0": {
							"vector": [4.57497, 29.55323, 11.7708]
						},
						"0.25": {
							"vector": [0, 0, 22.5]
						},
						"0.5": {
							"vector": [22.5, 0, 22.5]
						},
						"0.75": {
							"vector": [26.27425, 9.3955, 1.69114]
						},
						"1.0": {
							"vector": [4.57497, 29.55323, 11.7708]
						}
					}
				}
			}
		},
		"idle": {
			"loop": true,
			"animation_length": 2,
			"bones": {
				"left_antenna": {
					"rotation": {
						"0.0": {
							"vector": [-22.5, 0, 0]
						},
						"1.0": {
							"vector": [0, 0, 0]
						},
						"2.0": {
							"vector": [-22.5, 0, 0]
						}
					}
				},
				"right_antenna": {
					"rotation": {
						"0.0": {
							"vector": [0, 0, 0]
						},
						"1.0": {
							"vector": [-22.5, 0, 0]
						},
						"2.0": {
							"vector": [0, 0, 0]
						}
					}
				},
				"body_2": {
					"rotation": {
						"0.0": {
							"vector": [10, 0, 0]
						},
						"1.0": {
							"vector": [0, 0, 0]
						},
						"2.0": {
							"vector": [10, 0, 0]
						}
					}
				}
			}
		}
	},
	"geckolib_format_version": 2
}