{
	"format_version": "1.8.0",
	"animations": {
		"swim": {
			"loop": true,
			"animation_length": 4,
			"bones": {
				"body": {
					"rotation": {
						"0.0": [0, -5, 0],
						"2.0": [0, 5, 0],
						"4.0": [0, -5, 0]
					}
				},
				"left_fin": {
					"rotation": {
						"0.0": [0, 0, 0],
						"1.0": [-1.0901, -7.45259, -7.47653],
						"2.0": [0, 0, 0],
						"3.0": [-1.0901, -7.45259, -7.47653],
						"4.0": [0, 0, 0]
					}
				},
				"tail": {
					"rotation": {
						"0.0": [0, 22.5, 0],
						"2.0": [0, -22.5, 0],
						"4.0": [0, 22.5, 0]
					}
				},
				"top_fin": {
					"rotation": {
						"0.0": [0, 0, 15],
						"2.0": [0, 0, -15],
						"4.0": [0, 0, 15]
					}
				},
				"right_fin": {
					"rotation": {
						"0.0": [0, 0, 0],
						"1.0": [-1.0901, 7.45259, 7.47653],
						"2.0": [0, 0, 0],
						"3.0": [-1.0901, 7.45259, 7.47653],
						"4.0": [0, 0, 0]
					}
				},
				"bottom_fin": {
					"rotation": {
						"0.0": [0, 0, -15],
						"2.0": [0, 0, 15],
						"4.0": [0, 0, -15]
					}
				}
			}
		},
		"sunbathe": {
			"loop": true,
			"animation_length": 4,
			"bones": {
				"body": {
					"rotation": {
						"0.0": [0, 5, -90],
						"2.0": [0, -5, -90],
						"4.0": [0, 5, -90]
					}
				},
				"left_fin": {
					"rotation": {
						"0.0": [0, 0, 0],
						"1.0": [-1.0901, -7.45259, -7.47653],
						"2.0": [0, 0, 0],
						"3.0": [-1.0901, -7.45259, -7.47653],
						"4.0": [0, 0, 0]
					}
				},
				"tail": {
					"rotation": {
						"0.0": [0, 22.5, 0],
						"2.0": [0, -22.5, 0],
						"4.0": [0, 22.5, 0]
					}
				},
				"top_fin": {
					"rotation": {
						"0.0": [0, 0, 15],
						"2.0": [0, 0, -15],
						"4.0": [0, 0, 15]
					}
				},
				"right_fin": {
					"rotation": {
						"0.0": [0, 0, 0],
						"1.0": [-1.0901, 7.45259, 7.47653],
						"2.0": [0, 0, 0],
						"3.0": [-1.0901, 7.45259, 7.47653],
						"4.0": [0, 0, 0]
					}
				},
				"bottom_fin": {
					"rotation": {
						"0.0": [0, 0, -15],
						"2.0": [0, 0, 15],
						"4.0": [0, 0, -15]
					}
				}
			}
		},
		"flop": {
			"loop": true,
			"animation_length": 0.5,
			"bones": {
				"body": {
					"rotation": {
						"0.0": [0, 0, -90],
						"0.1667": [0, 22.5, -90],
						"0.3333": [0, -22.5, -90],
						"0.5": [0, 0, -90]
					},
					"position": {
						"0.0": [0, -2.25, 0],
						"0.1667": [0, 1, 0],
						"0.3333": [0, 3, 0],
						"0.5": [0, -2.25, 0]
					}
				},
				"tail": {
					"rotation": {
						"0.0": [0, 0, 0],
						"0.1667": [0, -35, 0],
						"0.3333": [0, 35, 0],
						"0.5": [0, 0, 0]
					}
				}
			}
		}
	},
	"geckolib_format_version": 2
}